name_last,name_first,key_mlbam,key_retro,key_bbref,key_fangraphs,mlb_played_first,mlb_played_last
miller,owen,680911,millo002,milleow01,24655,2021.0,2024.0
edman,tommy,669242,edmat001,edmanto01,19470,2019.0,2024.0
castillo,diego,660636,castd004,castidi02,19906,2022.0,2024.0
schneider,davis,676914,schnd001,schneda03,23565,2023.0,2024.0
lopez,nicky,670032,lopen001,lopezni01,19339,2019.0,2024.0
lowe,brandon,664040,loweb001,lowebr01,18882,2018.0,2024.0
goodman,hunter,696100,goodh001,goodmhu01,29715,2023.0,2024.0
olivares,edward,658668,olive001,olivaed02,19698,2020.0,2024.0
locastro,tim,641796,locat001,locasti01,15124,2017.0,2023.0
plawecki,kevin,608700,plawk001,plaweke01,13807,2015.0,2022.0
chourio,jackson,694192,chouj001,chourja01,28806,2024.0,2024.0
campero,gustavo,672569,campg001,campegu01,-1,2024.0,2024.0
cabrera,oswaldo,665828,cabro002,cabreos01,21707,2022.0,2024.0
tsutsugo,yoshi,660294,tsuty001,tsutsyo01,27459,2020.0,2022.0
witt,bobby,677951,wittb002,wittbo02,25764,2022.0,2024.0
lowrie,jed,476704,lowrj001,lowrije01,4418,2008.0,2022.0
bote,david,623520,boted002,boteda01,14593,2018.0,2024.0
winker,jesse,608385,winkj002,winkeje01,13590,2017.0,2024.0
wisdom,patrick,621550,wisdp001,wisdopa01,13602,2018.0,2024.0
kreidler,ryan,668952,kreir001,kreidry01,25867,2022.0,2024.0
davidson,matt,571602,davim005,davidma02,7226,2013.0,2022.0
lester,josh,623507,lestj002,lestejo02,17737,2022.0,2023.0
rutschman,adley,668939,rutsa001,rutscad01,26288,2022.0,2024.0
thompson,trayce,572204,thomt002,thomptr01,9952,2015.0,2023.0
manzardo,kyle,700932,manzk001,manzaky01,-1,2024.0,2024.0
judge,aaron,592450,judga001,judgeaa01,15640,2016.0,2024.0
stallings,jacob,607732,stalj001,stallja01,13723,2016.0,2024.0
burdick,peyton,680814,burdp001,burdipe01,25459,2022.0,2023.0
nootbaar,lars,663457,nootl001,nootbla01,21454,2021.0,2024.0
lemahieu,dj,518934,lemad001,lemahdj01,9874,2011.0,2024.0
reyes,víctor,622682,reyev001,reyesvi01,15487,2018.0,2022.0
dunand,joe,656388,dunaj001,dunanjo01,19727,2022.0,2022.0
jackson,alex,656577,jacka002,jacksal02,17276,2019.0,2024.0
longoria,evan,446334,longe001,longoev01,9368,2008.0,2023.0
langford,wyatt,694671,langw001,langfwy01,33333,2024.0,2024.0
polanco,jorge,593871,polaj001,polanjo01,13152,2014.0,2024.0
kirk,alejandro,672386,kirka001,kirkal01,22581,2020.0,2024.0
refsnyder,rob,608701,refsr001,refsnro01,13770,2015.0,2024.0
dezenzo,zach,701305,dezez001,dezenza01,-1,2024.0,2024.0
owings,chris,572008,owinc001,owingch01,10030,2013.0,2023.0
misner,kameron,670224,misnk001,misneka01,-1,2024.0,2024.0
fairchild,stuart,656413,fairs001,faircst01,20321,2021.0,2024.0
gomes,yan,543228,gomey001,gomesya01,9627,2012.0,2024.0
westburg,jordan,676059,westj002,westbjo01,27815,2023.0,2024.0
sullivan,brett,664954,sullb001,sullibr01,18217,2023.0,2024.0
motter,taylor,600301,mottt001,motteta01,12399,2016.0,2023.0
thaiss,matt,642136,thaim001,thaisma01,19318,2019.0,2024.0
laureano,ramón,657656,laurr001,laurera01,17128,2018.0,2024.0
peterson,jace,607054,petej002,peterja01,12325,2014.0,2024.0
aguilar,jesús,542583,aguij001,aguilje01,11342,2014.0,2023.0
calhoun,willie,641432,calhw001,calhowi01,17838,2017.0,2024.0
contreras,mark,676628,contm001,contrma01,20122,2022.0,2022.0
steer,spencer,668715,stees001,steersp01,26323,2022.0,2024.0
taylor,chris,621035,taylc001,tayloch03,13757,2014.0,2024.0
upton,justin,457708,uptoj001,uptonju01,5222,2007.0,2022.0
lee,korey,686676,lee-k002,leeko01,25543,2022.0,2024.0
kieboom,carter,666198,kiebc001,kieboca01,19958,2019.0,2023.0
wall,forrest,657088,wallf001,wallfo01,16496,2023.0,2024.0
herrera,iván,671056,herri001,herreiv01,20599,2022.0,2024.0
ornelas,jonathan,680716,ornej001,orneljo01,24597,2023.0,2024.0
machín,vimael,605353,machv001,machivi01,17684,2020.0,2022.0
thomas,dillon,605504,thomd004,thomadi01,12719,2021.0,2022.0
rizzo,anthony,519203,rizza001,rizzoan01,3473,2011.0,2024.0
arroyo,christian,624414,arroc001,arroych01,16434,2017.0,2023.0
walsh,jared,665120,walsj001,walshja01,18607,2019.0,2024.0
naylor,bo,666310,naylb001,naylobo01,21865,2022.0,2024.0
blackmon,charlie,453568,blacc001,blackch02,7859,2011.0,2024.0
massey,michael,686681,massm001,massemi02,27684,2022.0,2024.0
díaz,aledmys,649557,diaza003,diazal02,15937,2016.0,2024.0
wagaman,eric,676572,wagae001,wagamer01,-1,2024.0,2024.0
haniger,mitch,571745,hanim001,hanigmi01,14274,2016.0,2024.0
carlson,dylan,666185,carld002,carlsdy01,20126,2020.0,2024.0
holliday,jackson,702616,hollj003,hollija01,-1,2024.0,2024.0
rosario,eguy,666703,rosae002,rosareg01,19964,2022.0,2024.0
lipcius,andre,686531,lipca001,lipcian01,25822,2023.0,2023.0
garcía,adolis,666969,garca005,garciad02,19287,2018.0,2024.0
cruz,oneil,665833,cruzo001,cruzon01,21711,2021.0,2024.0
vavra,terrin,679631,vavrt001,vavrate01,24400,2022.0,2023.0
arráez,luis,650333,arral001,arraelu01,18568,2019.0,2024.0
marte,starling,516782,marts002,martest01,9241,2012.0,2024.0
hoerner,nico,663538,hoern001,hoernni01,21479,2019.0,2024.0
lee,jung hoo,808982,lee-j001,leeju01,33824,2024.0,2024.0
lowe,nathaniel,663993,lowen001,lowena01,19566,2019.0,2024.0
torrens,luis,620443,torrl001,torrelu01,15905,2017.0,2024.0
loperfido,joey,694388,lopej008,loperjo01,-1,2024.0,2024.0
quinn,roman,596451,quinr003,quinnro01,13546,2016.0,2022.0
soler,jorge,624585,solej001,solerjo01,14221,2014.0,2024.0
ortiz,joey,687401,ortij005,ortizjo06,25493,2023.0,2024.0
helman,michael,680737,helmm001,helmami01,-1,2024.0,2024.0
dixon,brandon,641525,dixob001,dixonbr01,15214,2018.0,2023.0
ozuna,marcell,542303,ozunm001,ozunama01,10324,2013.0,2024.0
vientos,mark,668901,vienm001,vientma01,22184,2022.0,2024.0
jansen,danny,643376,jansd001,janseda01,16535,2018.0,2024.0
black,tyler,672012,blact003,blackty01,-1,2024.0,2024.0
machado,dixon,553988,machd001,machadi01,11472,2015.0,2022.0
viloria,meibrys,650619,vilom001,vilorme01,17109,2018.0,2023.0
andújar,miguel,609280,andum001,andujmi01,15878,2017.0,2024.0
shenton,austin,668853,shena001,shentau01,25425,2024.0,2024.0
lawlar,jordan,691783,lawlj001,lawlajo01,29976,2023.0,2023.0
meneses,joey,608841,menej001,menesjo01,14366,2022.0,2024.0
caratini,víctor,605170,carav001,caratvi01,14968,2017.0,2024.0
canzone,dominic,686527,canzd001,canzodo01,26438,2023.0,2024.0
lukes,nathan,664770,luken001,lukesna01,18123,2023.0,2024.0
contreras,willson,575929,contw001,contrwi01,11609,2016.0,2024.0
hopkins,tj,686759,hopkt001,hopkitj01,25482,2023.0,2023.0
madris,bligh,676632,madrb002,madribl01,20054,2022.0,2024.0
alexander,blaze,677942,alexb001,alexabl01,23789,2024.0,2024.0
miller,brad,543543,millb002,millebr02,12775,2013.0,2023.0
devers,josé,672701,devej001,deverjo01,20540,2021.0,2024.0
bryant,kris,592178,bryak001,bryankr01,15429,2015.0,2024.0
plummer,nick,663911,plumn001,plummni01,18690,2022.0,2022.0
castro,rodolfo,666801,castr006,castrro01,21987,2021.0,2023.0
higashioka,kyle,543309,higak001,higasky01,5517,2017.0,2024.0
kirilloff,alex,666135,kiria001,kirilal01,20325,2021.0,2024.0
anderson,brian,605119,andeb006,anderbr06,18289,2017.0,2024.0
frelick,sal,686217,frels001,frelisa01,29622,2023.0,2024.0
barger,addison,680718,barga001,bargead01,-1,2024.0,2024.0
delay,jason,641511,delaj004,delayja01,19806,2022.0,2024.0
palacios,richie,680700,palar002,palacri01,24589,2022.0,2024.0
yorke,nick,694377,yorkn001,yorkeni01,-1,2024.0,2024.0
moniak,mickey,666160,monim001,moniami01,19956,2020.0,2024.0
albies,ozzie,645277,albio001,albieoz01,16556,2017.0,2024.0
hamilton,david,666152,hamid002,hamilda03,27531,2023.0,2024.0
velazquez,andrew,623205,velaa001,velazan01,14196,2018.0,2023.0
soto,livan,670869,sotol001,sotoli01,22471,2022.0,2024.0
soderstrom,tyler,691016,sodet001,soderty01,27467,2023.0,2024.0
cronenworth,jake,630105,cronj001,croneja01,18036,2020.0,2024.0
simmons,andrelton,592743,simma001,simmoan01,10847,2012.0,2022.0
gonzales,nick,693304,gonzn001,gonzani01,27490,2023.0,2024.0
santander,anthony,623993,santa003,santaan02,14551,2017.0,2024.0
godoy,josé,608422,godoj001,godoyjo01,15808,2021.0,2022.0
seagle,chandler,676882,seagc002,seaglch01,23552,2023.0,2023.0
deloach,zach,676113,deloz001,deloaza01,-1,2024.0,2024.0
mauricio,ronny,677595,maurr002,mauriro01,23698,2023.0,2023.0
siri,josé,642350,sirij001,sirijo01,17452,2021.0,2024.0
demeritte,travis,641513,demet001,demertr01,15958,2019.0,2022.0
walls,taylor,670764,wallt003,wallsta01,22458,2021.0,2024.0
thomas,cody,642137,thomc003,thomaco01,19828,2022.0,2023.0
mullins,cedric,656775,mullc002,mullice01,17929,2018.0,2024.0
keith,colt,690993,keitc001,keithco01,27899,2024.0,2024.0
whitcomb,shay,694376,whits003,whitcsh01,-1,2024.0,2024.0
mazara,nomar,608577,mazan001,mazarno01,14553,2016.0,2022.0
pillar,kevin,607680,pillk001,pillake01,12434,2013.0,2024.0
harrison,monte,656509,harrm003,harrimo01,17216,2020.0,2022.0
ohtani,shohei,660271,ohtas001,ohtansh01,19755,2018.0,2024.0
aguilar,ryan,666922,aguir002,aguilry01,19967,2022.0,2022.0
langeliers,shea,669127,langs001,langesh01,25816,2022.0,2024.0
siani,michael,672279,sianm001,sianimi01,22557,2022.0,2024.0
sánchez,yolmer,570560,sancc001,sanchca01,11602,2014.0,2022.0
arcia,orlando,606115,arcio002,arciaor01,13185,2016.0,2024.0
ramos,henry,592656,ramoh001,ramoshe01,11481,2021.0,2023.0
mercedes,yermín,606213,mercy001,merceye01,17423,2020.0,2022.0
henderson,gunnar,683002,hendg002,hendegu01,26289,2022.0,2024.0
sheets,gavin,657757,sheeg001,sheetga01,19901,2021.0,2024.0
lamb,jake,571875,lambj001,lambja01,13329,2014.0,2023.0
foscue,justin,679822,foscj001,foscuju01,-1,2024.0,2024.0
d'arnaud,travis,518595,darnt001,darnatr01,7739,2013.0,2024.0
schwarber,kyle,656941,schwk001,schwaky01,16478,2015.0,2024.0
romine,austin,519222,romia002,rominau01,5491,2011.0,2022.0
gore,terrance,605253,goret001,gorete01,13658,2014.0,2022.0
stevenson,andrew,664057,steva001,stevean01,17932,2017.0,2023.0
adams,jordyn,677941,adamj003,adamsjo03,23788,2023.0,2024.0
díaz,lewin,650331,diazl001,diazle01,18365,2020.0,2022.0
freeman,freddie,518692,freef001,freemfr01,5361,2010.0,2024.0
winn,masyn,691026,winnm001,winnma01,27479,2023.0,2024.0
pinto,rené,650907,pintr003,pintore02,19859,2022.0,2024.0
nuñez,dom,624513,nuned001,nunezdo01,15055,2019.0,2022.0
amaya,miguel,665804,amaym001,amayami01,21693,2023.0,2024.0
benintendi,andrew,643217,benia002,beninan01,17901,2016.0,2024.0
malloy,justyn-henry,669234,mallj001,malloju02,-1,2024.0,2024.0
volpe,anthony,683011,volpa001,volpean01,27647,2023.0,2024.0
kolozsvary,mark,656627,kolom001,kolozma01,21304,2022.0,2023.0
vilade,ryan,668723,vilar001,viladry01,22165,2021.0,2024.0
ellis,duke,668752,ellid003,ellisdu01,-1,2024.0,2024.0
solak,nick,669256,solan001,solakni01,19294,2019.0,2023.0
gamel,ben,592325,gameb001,gamelbe01,12160,2016.0,2024.0
marcano,tucupita,672779,marct001,marcatu01,22871,2021.0,2023.0
vanmeter,josh,642165,vanmj001,vanmejo01,15170,2019.0,2022.0
sogard,nick,686765,sogan001,sogarni01,-1,2024.0,2024.0
beckham,tim,542921,beckt001,beckhti01,7949,2013.0,2022.0
rojas,miguel,500743,rojam002,rojasmi02,7802,2014.0,2024.0
bellinger,cody,641355,bellc002,bellico01,15998,2017.0,2024.0
moreno,gabriel,672515,moreg001,morenga01,22664,2022.0,2024.0
correa,carlos,621043,corrc001,correca01,14162,2015.0,2024.0
vosler,jason,613564,voslj001,vosleja01,16686,2021.0,2024.0
rosario,amed,642708,rosaa003,rosaram01,15518,2017.0,2024.0
merrill,jackson,701538,merrj002,merrija01,29490,2024.0,2024.0
swaggerty,travis,680552,swagt001,swaggtr01,24491,2022.0,2022.0
garlick,kyle,664247,garlk001,garliky01,18063,2019.0,2023.0
narvaez,carlos,665966,narvc002,narvaca01,-1,2024.0,2024.0
knizner,andrew,668800,kniza001,kniznan01,19514,2019.0,2024.0
pollock,aj,572041,polla001,polloaj01,9256,2012.0,2023.0
villar,david,681584,villd001,villada01,24782,2022.0,2024.0
jiménez,eloy,650391,jimee001,jimenel02,17484,2019.0,2024.0
hermosillo,michael,641684,hermm001,hermomi01,16285,2018.0,2022.0
melendez,mj,669004,melem001,melenmj01,22197,2022.0,2024.0
tatís,fernando,665487,tatif002,tatisfe02,19709,2019.0,2024.0
rogers,jake,668670,rogej004,rogerja03,19452,2019.0,2024.0
kelly,carson,608348,kellc002,kellyca02,13620,2016.0,2024.0
hayes,ke'bryan,663647,hayek001,hayeske01,18577,2020.0,2024.0
donaldson,josh,518626,donaj001,donaljo02,5038,2010.0,2023.0
duffy,matt,622110,duffm002,duffyma01,13836,2014.0,2024.0
hall,darick,669742,halld003,hallda02,19717,2022.0,2023.0
mountcastle,ryan,663624,mounr001,mountry01,18373,2020.0,2024.0
pineda,israel,672832,pinei001,pinedis01,22906,2022.0,2022.0
ramos,bryan,682868,ramob001,ramosbr01,-1,2024.0,2024.0
contreras,william,661388,contw002,contrwi02,20503,2020.0,2024.0
wallach,chad,595453,wallc001,wallach01,17161,2017.0,2023.0
porter,logan,682515,portl001,portelo01,20626,2023.0,2023.0
nevin,tyler,663527,nevit001,nevinty01,17893,2021.0,2024.0
white,eli,642201,white006,whiteel04,19346,2020.0,2024.0
senzel,nick,669222,senzn001,senzeni01,19293,2019.0,2024.0
gutiérrez,kelvin,642721,gutik001,gutieke01,17468,2019.0,2022.0
fortes,nick,663743,fortn001,forteni01,21538,2021.0,2024.0
grandal,yasmani,518735,grany001,grandya01,11368,2012.0,2024.0
crawford,brandon,543063,crawb001,crawfbr01,5343,2011.0,2024.0
dozier,hunter,641531,dozih001,doziehu01,15117,2016.0,2023.0
brinson,lewis,621446,brinl001,brinsle01,14352,2017.0,2022.0
perkins,blake,663368,perkb002,perkibl01,19921,2023.0,2024.0
renfroe,hunter,592669,renfh001,renfrhu01,15464,2016.0,2024.0
outman,james,681546,outmj002,outmaja01,24770,2022.0,2024.0
arenado,nolan,571448,arenn001,arenano01,9777,2013.0,2024.0
suzuki,kurt,435559,suzuk001,suzukku01,8259,2007.0,2022.0
fletcher,david,664058,fletd002,fletcda02,17992,2018.0,2024.0
williams,alika,675961,willa005,willial04,27604,2023.0,2024.0
vargas,ildemaro,545121,vargi001,vargail01,13324,2017.0,2024.0
murphy,tom,608596,murpt002,murphto04,13499,2015.0,2024.0
madrigal,nick,663611,madrn001,madrini01,20521,2020.0,2024.0
barrera,tres,668663,barrt004,barretr01,19977,2019.0,2023.0
luplow,jordan,656669,luplj001,luplojo01,16424,2017.0,2023.0
cordero,franchy,614173,cordf003,cordefr02,14567,2017.0,2023.0
rodgers,brendan,663898,rodgb002,rodgebr02,17907,2019.0,2024.0
greiner,grayson,606988,greig001,greingr01,17062,2018.0,2022.0
marsh,brandon,669016,marsb002,marshbr02,20202,2021.0,2024.0
cowser,colton,681297,cowsc001,cowseco01,29591,2023.0,2024.0
riddle,jt,595375,riddj001,riddljt01,17642,2017.0,2022.0
mondesí,adalberto,609275,mondr003,mondera02,13769,2016.0,2022.0
gelof,zack,680869,geloz001,gelofza01,29766,2023.0,2024.0
norby,connor,681393,norbc001,norbyco01,-1,2024.0,2024.0
davis,brendon,663478,davib006,davisbr04,18587,2022.0,2022.0
martínez,j. p.,679881,martj012,martijp01,24451,2023.0,2024.0
alcántara,kevin,682634,alcak001,alcanke01,-1,2024.0,2024.0
barrosa,jorge,678489,barrj004,barrojo01,23968,2024.0,2024.0
machado,manny,592518,machm001,machama01,11493,2012.0,2024.0
krizan,jason,607249,krizj001,krizaja01,12394,2022.0,2022.0
mccoy,mason,669200,mccom002,mccoyma01,22232,2023.0,2024.0
yastrzemski,mike,573262,yastm001,yastrmi01,14854,2019.0,2024.0
mazeika,patrick,664850,mazep001,mazeipa01,18142,2021.0,2022.0
hernández,yonny,660634,herny003,hernayo02,19432,2021.0,2023.0
torres,gleyber,650402,torrg001,torregl01,16997,2018.0,2024.0
wong,kolten,543939,wongk001,wongko01,12532,2013.0,2023.0
johnson,bryce,669369,johnb005,johnsbr03,20002,2022.0,2024.0
peguero,liover,678894,pegul001,pegueli01,24273,2022.0,2024.0
caballero,josé,676609,cabaj001,cabaljo01,23401,2023.0,2024.0
feduccia,hunter,676439,feduh001,feduchu01,-1,2024.0,2024.0
mead,curtis,678554,meadc001,meadcu01,23986,2023.0,2024.0
wallner,matt,670242,wallm001,wallnma01,26466,2022.0,2024.0
meadows,austin,640457,meada001,meadoau01,15672,2018.0,2023.0
camargo,johan,622666,camaj001,camarjo01,14950,2017.0,2023.0
casali,curt,592200,casac001,casalcu01,12510,2014.0,2024.0
mclain,matt,680574,mclam001,mclaima01,29695,2023.0,2023.0
jones,greg,675659,joneg003,jonesgr02,-1,2024.0,2024.0
garcía,avisaíl,541645,garca003,garciav01,5760,2012.0,2024.0
buxton,byron,621439,buxtb001,buxtoby01,14161,2015.0,2024.0
edwards,xavier,669364,edwax001,edwarxa01,22266,2023.0,2024.0
garcía,luis,671277,garcl006,garcilu04,20391,2020.0,2024.0
mitchell,cal,668751,mitcc002,mitchca01,22169,2022.0,2023.0
dean,austin,621573,deana001,deanau01,18288,2018.0,2022.0
tovar,ezequiel,678662,tovae001,tovarez01,24064,2022.0,2024.0
pérez,carlos,542208,perec003,perezca02,10642,2015.0,2023.0
guthrie,dalton,656495,guthd001,guthrda01,21293,2022.0,2023.0
kingery,scott,664068,kings001,kingesc01,17975,2018.0,2022.0
wilson,marcus,657129,wilsm003,wilsoma02,17910,2022.0,2022.0
moustakas,mike,519058,mousm001,moustmi01,4892,2011.0,2023.0
davis,henry,680779,davih001,davishe01,29617,2023.0,2024.0
pereda,jhonny,640902,perej004,peredjh01,-1,2024.0,2024.0
freeman,tyler,671289,freet001,freemty01,22532,2022.0,2024.0
drury,brandon,592273,drurb001,drurybr01,11615,2015.0,2024.0
barrero,josé,676480,garcj007,garcijo02,23378,2020.0,2023.0
williams,luke,663897,willl001,willilu01,19931,2021.0,2024.0
jones,nolan,666134,jonen002,jonesno01,20529,2022.0,2024.0
remillard,zach,621545,remiz001,remilza01,19788,2023.0,2024.0
fry,david,681807,fry-d001,fryda01,24934,2023.0,2024.0
capra,vinny,681962,caprv001,capravi01,25040,2022.0,2024.0
bailey,patrick,672275,bailp001,bailepa01,27478,2023.0,2024.0
rocchio,brayan,677587,roccb001,rocchbr01,23690,2023.0,2024.0
miranda,josé,669304,miraj002,miranjo01,20538,2022.0,2024.0
castellanos,nick,592206,castn001,casteni01,11737,2013.0,2024.0
rengifo,luis,650859,rengl001,rengilu01,19858,2019.0,2024.0
smith,josh,669701,smitj007,smithjo11,26396,2022.0,2024.0
fletcher,dominic,666150,fletd003,fletcdo01,26149,2023.0,2024.0
reyes,pablo,622569,reyep001,reyespa01,16357,2018.0,2024.0
palacios,jermaine,650339,palaj002,palacje01,18371,2022.0,2022.0
moran,colin,592567,morac001,moranco01,16909,2016.0,2022.0
kennedy,buddy,671083,kennb002,kennebu01,22505,2022.0,2024.0
deluca,jonny,676356,deluj001,delucjo01,26365,2023.0,2024.0
hernández,césar,514917,hernc005,hernace02,10556,2013.0,2022.0
mendick,danny,664901,mendd002,mendida01,18889,2019.0,2024.0
france,ty,664034,frant002,francty01,17982,2019.0,2024.0
smith,dominic,642086,smitd008,smithdo02,15653,2017.0,2024.0
deluzio,ben,641512,delub001,deluzbe01,19644,2022.0,2022.0
engel,adam,641553,engea001,engelad01,15082,2017.0,2023.0
beaty,matt,607461,beatm001,beatyma01,17710,2019.0,2023.0
lagares,juan,501571,lagaj001,lagarju01,5384,2013.0,2022.0
crook,narciso,643271,croon001,crookna01,17473,2022.0,2022.0
raley,luke,670042,ralel001,raleylu01,19354,2021.0,2024.0
grichuk,randal,545341,gricr001,grichra01,10243,2014.0,2024.0
toglia,michael,669911,toglm001,toglimi01,25845,2022.0,2024.0
carpenter,matt,572761,carpm002,carpema01,8090,2011.0,2024.0
almora,albert,546991,almoa002,almoral01,14109,2016.0,2022.0
fermin,freddy,666023,fermf002,fermifr01,21840,2022.0,2024.0
monasterio,andruw,655316,monaa001,monasan01,19455,2023.0,2024.0
gasper,mickey,681508,gaspm001,gaspemi01,-1,2024.0,2024.0
reynolds,matt,608703,reynm003,reynoma03,13788,2016.0,2023.0
guillorme,luis,641645,guill001,guilllu01,16451,2018.0,2024.0
clement,ernie,676391,cleme002,clemeer01,20352,2021.0,2024.0
adams,riley,656180,adamr004,adamsri03,19864,2021.0,2024.0
daza,yonathan,602074,dazay001,dazayo01,15794,2019.0,2023.0
grissom,vaughn,687093,grisv001,grissva01,26031,2022.0,2024.0
gorman,nolan,669357,gormn001,gormano01,22263,2022.0,2024.0
yoshida,masataka,807799,yoshm002,yoshima02,31837,2023.0,2024.0
hernández,enrique,571771,herne001,hernaen02,10472,2014.0,2024.0
suzuki,seiya,673548,suzus001,suzukse01,30116,2022.0,2024.0
cooper,garrett,643265,coopg002,coopega03,15279,2017.0,2024.0
pérez,michael,605421,perem005,perezmi03,12977,2018.0,2023.0
gonzález,oscar,660757,gonzo001,gonzaos01,20970,2022.0,2023.0
alexander,cj,680769,alexc001,alexacj01,-1,2024.0,2024.0
encarnacion,jerar,666464,encaj002,encarje01,21871,2022.0,2024.0
doyle,brenton,686668,doylb001,doylebr02,25479,2023.0,2024.0
kavadas,niko,694359,kavan001,kavadni01,-1,2024.0,2024.0
haseley,adam,656514,hasea001,haselad01,19878,2019.0,2023.0
jordan,levi,682119,jordl001,jordale01,-1,2024.0,2024.0
teodosio,bryce,669326,teodb001,teodobr01,-1,2024.0,2024.0
lópez,jack,605346,lopej005,lopezja03,13663,2021.0,2024.0
díaz,yandy,650490,diazy001,diazya01,16578,2017.0,2024.0
rivas,alfonso,663845,rivaa001,rivasal01,21560,2021.0,2023.0
moore,dylan,664238,moord002,mooredy01,18042,2019.0,2024.0
abrams,cj,682928,abrac001,abramcj01,25768,2022.0,2024.0
muncy,max,571970,muncm001,muncyma01,13301,2015.0,2024.0
lee,khalil,666137,lee-k001,leekh01,19952,2021.0,2022.0
rooker,brent,667670,rookb001,rookebr01,19627,2020.0,2024.0
santana,carlos,467793,santc002,santaca01,2396,2010.0,2024.0
wynns,austin,642851,wynna001,wynnsau01,15271,2018.0,2024.0
mcmahon,ryan,641857,mcmar001,mcmahry01,15112,2017.0,2024.0
bliss,ryan,669208,blisr001,blissry01,-1,2024.0,2024.0
payton,mark,592622,paytm001,paytoma01,16042,2020.0,2022.0
millas,drew,686452,milld003,milladr01,25643,2023.0,2024.0
thomas,alek,677950,thoma004,thomaal01,23792,2022.0,2024.0
choi,ji man,596847,choij001,choiji01,5452,2016.0,2023.0
wendle,joey,621563,wendj002,wendljo01,13853,2016.0,2024.0
phillips,brett,621433,philb002,phillbr02,14735,2017.0,2023.0
sierra,magneuris,642423,sierm002,sierrma01,17023,2017.0,2022.0
kemp,tony,643393,kempt001,kempto01,14894,2016.0,2024.0
vogt,stephen,519390,vogts001,vogtst01,5000,2012.0,2022.0
pinder,chad,640461,pindc001,pindech01,15191,2016.0,2022.0
straw,myles,664702,stram002,strawmy01,17620,2018.0,2024.0
wisely,brett,689172,wiseb001,wiselbr01,27735,2023.0,2024.0
souza,steven,519306,souzs001,souzast01,5667,2014.0,2022.0
romo,drew,691011,romod001,romodr01,-1,2024.0,2024.0
rosario,eddie,592696,rosae001,rosared01,12155,2015.0,2024.0
urshela,gio,570482,urshg001,urshegi01,10681,2015.0,2024.0
álvarez,yordan,670541,alvay001,alvaryo01,19556,2019.0,2024.0
goldschmidt,paul,502671,goldp001,goldspa01,9218,2011.0,2024.0
reynolds,bryan,668804,reynb001,reynobr01,19326,2019.0,2024.0
proctor,ford,665154,procf001,proctfo01,21634,2022.0,2022.0
schanuel,nolan,694384,schan001,schanno01,33189,2023.0,2024.0
chavis,michael,656308,chavm001,chavimi01,17321,2019.0,2023.0
schunk,aaron,668845,schua002,schunaa01,-1,2024.0,2024.0
stephenson,tyler,663886,stept001,stephty01,17988,2020.0,2024.0
lux,gavin,666158,lux-g001,luxga01,19955,2019.0,2024.0
diaz,yainer,673237,diazy004,diazya02,23003,2022.0,2024.0
peña,jeremy,665161,penaj004,penaje02,21636,2022.0,2024.0
mercado,óscar,640458,merco003,mercaos01,16375,2019.0,2023.0
carter,evan,694497,carte001,carteev01,27790,2023.0,2024.0
mervis,matt,670223,mervm001,mervima01,27845,2023.0,2024.0
katoh,gosuke,641741,katog001,katohgo01,15697,2022.0,2022.0
aquino,aristides,606157,aquia001,aquinar01,15482,2018.0,2022.0
wade,tyler,642180,wadet002,wadety01,15730,2017.0,2024.0
ríos,edwin,621458,riose001,riosed01,18316,2019.0,2024.0
pham,tommy,502054,phamt001,phamth01,2967,2014.0,2024.0
heyward,jason,518792,heywj001,heywaja01,4940,2010.0,2024.0
myers,dane,667472,myerd001,myersda01,22054,2023.0,2024.0
hamilton,caleb,643348,hamic001,hamilca01,19842,2022.0,2023.0
smith,pavin,656976,smitp002,smithpa04,19892,2020.0,2024.0
hamilton,billy,571740,hamib001,hamilbi02,10199,2013.0,2023.0
dahl,david,621311,dahld001,dahlda01,13744,2016.0,2024.0
culberson,charlie,518586,culbc001,culbech01,3298,2012.0,2023.0
meyers,jake,676694,meyej002,meyerja02,20308,2021.0,2024.0
park,hoy,660829,parkh001,parkho01,18027,2021.0,2022.0
strange-gordon,dee,543829,gordd002,gordode01,8203,2011.0,2022.0
locklear,tyler,682988,lockt001,locklty01,-1,2024.0,2024.0
yepez,juan,660766,yepej001,yepezju01,18400,2022.0,2024.0
alvarez,nacho,805373,alvan001,alvarna01,31765,2024.0,2024.0
pérez,wenceel,672761,perew002,perezwe01,-1,2024.0,2024.0
rojas,josé,670351,rojaj002,rojasjo02,19331,2021.0,2022.0
garcía,maikel,672580,garcm003,garcima01,22715,2022.0,2024.0
pratto,nick,668472,pratn001,prattni01,22117,2022.0,2024.0
martínez,angel,682657,marta008,martian02,-1,2024.0,2024.0
álvarez,francisco,682626,alvaf001,alvarfr01,26121,2022.0,2024.0
seager,corey,608369,seagc001,seageco01,13624,2015.0,2024.0
reetz,jakson,656883,reetj001,reetzja01,17837,2021.0,2024.0
mcguire,reese,624512,mcgur002,mcguire01,15674,2018.0,2024.0
feliciano,mario,666128,felim002,felicma01,20263,2021.0,2022.0
varsho,daulton,662139,varsd001,varshda01,19918,2020.0,2024.0
hays,austin,669720,haysa001,haysau01,19363,2017.0,2024.0
rutherford,blake,666164,ruthb001,ruthebl01,19957,2023.0,2023.0
chang,yu,644374,chany001,changyu01,14773,2019.0,2023.0
o'neill,tyler,641933,oneit001,oneilty01,15711,2018.0,2024.0
yelich,christian,592885,yelic001,yelicch01,11477,2013.0,2024.0
marlowe,cade,687799,marlc001,marloca01,25505,2023.0,2024.0
herrera,josé,645444,herrj003,herrejo04,17040,2022.0,2024.0
castro,willi,650489,castw003,castrwi01,17338,2019.0,2024.0
rortvedt,ben,666163,rortb001,rortvbe01,20287,2021.0,2024.0
gonzález,marwin,503556,gonzm002,gonzama01,5497,2012.0,2022.0
grossman,robbie,543257,grosr001,grossro01,5254,2013.0,2024.0
o'hearn,ryan,656811,ohear001,ohearry01,16442,2018.0,2024.0
crawford,j. p.,641487,crawj002,crawfjp01,15491,2017.0,2024.0
garneau,dustin,572863,garnd001,garnedu01,9433,2015.0,2022.0
turner,trea,607208,turnt001,turnetr01,16252,2015.0,2024.0
basabe,osleivis,678545,basao001,basabos01,23985,2023.0,2023.0
schuemann,max,680474,schum002,schuema01,-1,2024.0,2024.0
walker,christian,572233,walkc002,walkech02,13419,2014.0,2024.0
verdugo,alex,657077,verda001,verdual01,17027,2017.0,2024.0
wilson,weston,642215,wilsw002,wilsowe01,19358,2023.0,2024.0
maggi,drew,543482,maggd001,maggidr01,11381,2023.0,2023.0
pereira,everson,677592,peree005,pereiev01,23695,2023.0,2023.0
higgins,p. j.,664731,higgp001,higgipj01,18433,2021.0,2022.0
rendon,anthony,543685,renda001,rendoan01,12861,2013.0,2024.0
martin,richie,621006,martr006,martiri01,17736,2019.0,2022.0
taylor,michael,572191,taylm002,taylomi02,11489,2014.0,2024.0
mateo,jorge,622761,matej003,mateojo01,17273,2020.0,2024.0
astudillo,willians,553902,astuw001,astudwi01,15608,2018.0,2022.0
domínguez,jasson,691176,domij003,dominja01,28080,2023.0,2024.0
stassi,max,545358,stasm001,stassma01,10059,2013.0,2022.0
stubbs,garrett,596117,stubg001,stubbga01,18067,2019.0,2024.0
giménez,andrés,665926,gimea001,gimenan01,19950,2020.0,2024.0
turang,brice,668930,turab002,turanbr02,22186,2023.0,2024.0
wong,connor,657136,wongc001,wongco01,19896,2021.0,2024.0
papierski,michael,657709,papim001,papiemi01,21386,2022.0,2022.0
abreu,wilyer,677800,abrew002,abreuwi02,23772,2023.0,2024.0
vázquez,christian,543877,vazqc001,vazquch01,9774,2014.0,2024.0
shewmake,braden,669699,shewb001,shewmbr01,25817,2023.0,2024.0
chaparro,andrés,665953,chapa002,chapaan01,-1,2024.0,2024.0
triolo,jared,669707,trioj001,triolja01,25807,2023.0,2024.0
lewis,royce,668904,lewir003,lewisro02,20437,2022.0,2024.0
greene,riley,682985,greer003,greenri03,25976,2022.0,2024.0
hernaiz,darell,687231,hernd006,hernada04,26224,2024.0,2024.0
sanoja,javier,691594,sanoj001,sanojja01,-1,2024.0,2024.0
trejo,alan,676701,treja001,trejoal01,20056,2021.0,2024.0
berroa,steward,672642,berrs002,berrost01,-1,2024.0,2024.0
sanó,miguel,593934,sanom001,sanomi01,12164,2015.0,2024.0
young,jacob,696285,younj004,youngja03,29931,2023.0,2024.0
stanton,giancarlo,519317,stanm004,stantmi03,4949,2010.0,2024.0
florial,estevan,664314,flore001,flories01,19151,2020.0,2024.0
díaz,isan,656371,diazi001,diazis01,17922,2019.0,2023.0
lockridge,brandon,663604,lockb001,lockrbr01,-1,2024.0,2024.0
tromp,chadwick,644433,tromc001,trompch01,16953,2020.0,2024.0
sosa,edmundo,624641,sosae001,sosaed01,17022,2018.0,2024.0
barrera,luis,642456,barrl001,barrelu01,19615,2021.0,2022.0
iglesias,jose,578428,iglej001,iglesjo01,10231,2011.0,2024.0
ellis,drew,656403,ellid002,ellisdr01,19873,2021.0,2023.0
bradley,bobby,656252,bradb002,bradlbo01,17278,2019.0,2022.0
lowe,josh,666139,lowej002,lowejo01,19953,2021.0,2024.0
pérez,roberto,547379,perer003,perezro02,2900,2014.0,2023.0
rice,ben,700250,riceb001,ricebe01,-1,2024.0,2024.0
arias,gabriel,672356,ariag002,ariasga01,22563,2022.0,2024.0
lewis,kyle,641786,lewik001,lewisky01,19508,2019.0,2023.0
pages,andy,681624,pagea001,pagesan01,-1,2024.0,2024.0
inciarte,ender,542255,incie001,inciaen01,4922,2014.0,2022.0
anderson,tim,641313,andet001,anderti01,15172,2016.0,2024.0
conforto,michael,624424,confm001,confomi01,16376,2015.0,2024.0
butler,lawrence,671732,butll001,butlela01,22542,2023.0,2024.0
molina,yadier,425877,moliy001,molinya01,7007,2004.0,2022.0
de la cruz,bryan,650559,delab001,delacbr01,19600,2021.0,2024.0
biggio,cavan,624415,biggc002,biggica01,19252,2019.0,2024.0
morel,christopher,666624,morec001,morelch01,21897,2022.0,2024.0
franco,maikel,596748,franm004,francma02,12179,2014.0,2022.0
julks,corey,667452,julkc001,julksco01,20311,2023.0,2024.0
muzziotti,símon,665922,muzzs001,muzzisi01,19553,2022.0,2022.0
collins,isaac,686555,colli001,colliis01,-1,2024.0,2024.0
peraza,oswald,672724,perao002,perazos02,22823,2022.0,2024.0
stewart,dj,621466,stewd002,stewadj01,17766,2018.0,2024.0
montero,elehuris,660707,monte001,monteel01,20543,2022.0,2024.0
dingler,dillon,693307,dingd001,dingldi01,-1,2024.0,2024.0
mccann,kyle,668832,mccak004,mccanky01,25575,2024.0,2024.0
gosselin,philip,594838,gossp001,gosseph01,10953,2013.0,2022.0
mccann,james,543510,mccaj001,mccanja02,12859,2014.0,2024.0
schwindel,frank,643524,schwf001,schwifr01,15351,2019.0,2022.0
vargas,miguel,678246,vargm001,vargami01,20178,2022.0,2024.0
julien,edouard,666397,julie001,julieed01,27534,2023.0,2024.0
duran,jarren,680776,duraj001,duranja01,24617,2021.0,2024.0
keirsey,dashawn,680577,keird001,keirsda01,-1,2024.0,2024.0
devers,rafael,646240,dever001,deverra01,17350,2017.0,2024.0
vázquez,luis,676679,vazql001,vazqulu01,-1,2024.0,2024.0
vogelbach,dan,596129,voged001,vogelda01,14130,2016.0,2024.0
león,sandy,506702,leons001,leonsa01,5273,2012.0,2023.0
abreu,josé,547989,abrej003,abreujo02,15676,2014.0,2024.0
martinez,j. d.,502110,martj006,martijd02,6184,2011.0,2024.0
reks,zach,676646,reksz001,reksza01,19667,2021.0,2022.0
espinal,santiago,669289,espis001,espinsa01,19997,2020.0,2024.0
mccray,grant,687529,mccrg001,mccragr01,-1,2024.0,2024.0
brooks,trenton,670092,broot002,brooktr01,-1,2024.0,2024.0
azocar,josé,640492,azocj001,azocajo01,18821,2022.0,2024.0
horwitz,spencer,687462,horws001,horwisp01,26477,2023.0,2024.0
fox,lucius,665650,fox-l001,foxlu01,18899,2022.0,2022.0
jeffers,ryan,680777,jeffr002,jeffery01,24618,2020.0,2024.0
suwinski,jack,669261,suwij001,suwinja01,22244,2022.0,2024.0
collins,zack,641470,collz001,colliza01,19181,2019.0,2023.0
heim,jonah,641680,heimj001,heimjo01,16930,2020.0,2024.0
realmuto,j. t.,592663,realj001,realmjt01,11739,2014.0,2024.0
amador,adael,691182,amada001,amadoad01,-1,2024.0,2024.0
dunn,blake,694362,dunnb001,dunnbl01,-1,2024.0,2024.0
heredia,guillermo,628338,hereg002,heredgu01,18721,2016.0,2022.0
padlo,kevin,656821,padlk001,padloke01,16593,2021.0,2023.0
walker,steele,667727,walks001,walkest01,22093,2022.0,2022.0
adell,jo,666176,adelj001,adelljo01,20220,2020.0,2024.0
rodríguez,julio,677594,rodrj007,rodriju01,23697,2022.0,2024.0
kwan,steven,680757,kwans001,kwanst01,24610,2022.0,2024.0
quiroz,esteban,606019,quire001,quiroes01,19780,2022.0,2022.0
marisnick,jake,545350,marij002,marisja01,11339,2013.0,2023.0
brown,seth,664913,brows003,brownse01,18171,2019.0,2024.0
bader,harrison,664056,badeh001,baderha01,18030,2017.0,2024.0
clase,jonatan,682729,clasj001,clasejo01,-1,2024.0,2024.0
bohm,alec,664761,bohma001,bohmal01,21618,2020.0,2024.0
walker,jordan,691023,walkj003,walkejo02,27475,2023.0,2024.0
neto,zach,687263,netoz001,netoza01,31347,2023.0,2024.0
bauers,jake,641343,bauej001,bauerja01,15194,2018.0,2024.0
gray,tristan,656484,grayt001,graytr01,19877,2023.0,2024.0
bride,jonah,681146,bridj001,bridejo01,24703,2022.0,2024.0
hensley,david,682073,hensd002,henslda01,25111,2022.0,2024.0
riley,austin,663586,rilea001,rileyau01,18360,2019.0,2024.0
lipscomb,trey,702358,lipst001,lipsctr01,31567,2024.0,2024.0
adrianza,ehire,501303,adrie001,adriaeh01,8418,2013.0,2024.0
urías,luis,649966,urial001,uriaslu01,16622,2018.0,2024.0
alvarez,eddy,657193,alvae001,alvared01,16959,2020.0,2024.0
wood,james,695578,woodj004,woodja03,-1,2024.0,2024.0
lópez,alejo,664670,lopea005,lopezal03,21127,2021.0,2023.0
castro,jason,488771,castj006,castrja01,8722,2010.0,2022.0
tucker,cole,657061,tuckc001,tuckeco01,17326,2019.0,2024.0
taylor,tyrone,621438,taylt002,tayloty01,13675,2019.0,2024.0
zavala,seby,664874,zavas001,zavalse01,18887,2019.0,2024.0
votto,joey,458015,vottj001,vottojo01,4314,2007.0,2023.0
almonte,abraham,501659,almoa001,almonab01,5486,2013.0,2023.0
rafaela,ceddanne,678882,rafac001,rafaece01,24262,2023.0,2024.0
mcneil,jeff,643446,mcnej002,mcneije01,15362,2018.0,2024.0
caminero,junior,691406,camij001,caminju01,28163,2023.0,2024.0
querecuto,juniel,578570,querj001,quereju01,12140,2016.0,2023.0
la stella,tommy,600303,lastt001,lasteto01,12371,2014.0,2023.0
rivas,leo,660844,rival002,rivasle01,-1,2024.0,2024.0
walton,donovan,622268,waltd002,waltodo01,19314,2019.0,2024.0
velázquez,nelson,676369,velan001,velazne01,23359,2022.0,2024.0
canario,alexander,672744,canaa001,canaral01,22842,2023.0,2024.0
moncada,yoán,660162,moncy001,moncayo01,17232,2016.0,2024.0
crow-armstrong,pete,691718,crowp001,crowape01,27769,2023.0,2024.0
brantley,michael,488726,branm003,brantmi02,4106,2009.0,2023.0
acuña,jose,682668,acunl001,acunajo01,-1,2024.0,2024.0
sánchez,gary,596142,sancg002,sanchga02,11442,2015.0,2024.0
pauley,graham,688363,paulg001,paulegr01,31363,2024.0,2024.0
escobar,eduardo,500871,escoe001,escobed01,6153,2011.0,2023.0
friedl,tj,670770,friet001,friedtj01,19522,2021.0,2024.0
kohlwey,taylor,670128,kohlt001,kohlwta01,19212,2023.0,2023.0
raleigh,cal,663728,ralec001,raleica01,21534,2021.0,2024.0
garver,mitch,641598,garvm001,garvemi01,15161,2017.0,2024.0
nido,tomás,621512,nidot001,nidoto01,13755,2017.0,2024.0
smith,kevin,675656,smitk003,smithke05,20242,2021.0,2024.0
guerrero,vladimir,665489,guerv002,guerrvl02,19611,2019.0,2024.0
baker,darren,671117,baked003,bakerda02,-1,2024.0,2024.0
camargo,jair,665856,camaj002,camarja01,-1,2024.0,2024.0
saggese,thomas,695336,saggt001,saggeth01,-1,2024.0,2024.0
luciano,marco,682617,lucim001,luciama01,25616,2023.0,2024.0
taylor,samad,669392,tayls003,taylosa04,22274,2023.0,2024.0
tauchman,mike,643565,taucm001,tauchmi01,15274,2017.0,2024.0
burleson,alec,676475,burla001,burleal01,27615,2022.0,2024.0
mancini,trey,641820,manct001,mancitr01,15149,2016.0,2023.0
hiura,keston,669374,hiurk001,hiurake01,20003,2019.0,2024.0
lindor,francisco,596019,lindf001,lindofr01,12916,2015.0,2024.0
valdez,enmanuel,665839,valde002,valdeen01,21716,2023.0,2024.0
castro,harold,605612,casth001,castrha01,14691,2018.0,2023.0
loftin,nick,679845,loftn001,loftini01,27630,2023.0,2024.0
driscoll,logan,686482,drisl001,drisclo01,-1,2024.0,2024.0
o'keefe,brian,657247,okeeb001,okeefbr01,16680,2022.0,2023.0
mayfield,jack,608686,mayfj001,mayfija01,15402,2019.0,2022.0
downs,jeter,669023,downj001,downsje01,22202,2022.0,2023.0
pache,cristian,665506,pachc001,pachecr01,19948,2020.0,2024.0
cabbage,trey,663550,cabbt001,cabbatr01,21078,2023.0,2024.0
jimenez,leo,677870,jimel003,jimenle01,-1,2024.0,2024.0
gurriel,yuli,493329,gurry001,gourryu01,19198,2016.0,2024.0
odor,rougned,596059,odorr001,odorro01,12282,2014.0,2023.0
harris,brett,695391,harrb002,harribr02,-1,2024.0,2024.0
frazier,clint,640449,frazc001,frazicl01,15983,2017.0,2023.0
neuse,sheldon,641914,neuss001,neusesh01,19635,2019.0,2022.0
alcántara,sergio,642727,alcas002,alcanse01,16417,2020.0,2022.0
margot,manuel,622534,margm001,margoma01,14712,2016.0,2024.0
stevenson,cal,670276,stevc001,steveca01,22411,2022.0,2024.0
gentry,tyler,694355,gentt001,gentrty01,-1,2024.0,2024.0
voit,luke,572228,voitl001,voitlu01,14811,2017.0,2023.0
robinson,chuckie,642020,robic003,robinch04,19824,2022.0,2024.0
belt,brandon,474832,beltb001,beltbr01,10264,2011.0,2023.0
bannon,rylan,676625,bannr001,bannory01,19768,2022.0,2023.0
canó,robinson,429664,canor001,canoro01,3269,2005.0,2022.0
reyes,franmil,614177,reyef001,reyesfr01,14566,2018.0,2023.0
cave,jake,595909,cavej001,caveja01,14477,2018.0,2024.0
baddoo,akil,668731,badda001,baddoak01,22168,2021.0,2024.0
brennan,will,686823,brenw002,brennwi02,25660,2022.0,2024.0
davis,jonathan,641505,davij007,davisjo05,15104,2018.0,2023.0
bernard,wynton,592144,bernw001,bernawy01,13408,2022.0,2022.0
mckenna,ryan,663630,mcker001,mckenry01,19928,2021.0,2024.0
ramírez,harold,623912,ramih004,ramirha02,14387,2019.0,2024.0
larnach,trevor,663616,larnt001,larnatr01,21501,2021.0,2024.0
rojas,josh,668942,rojaj001,rojasjo01,19734,2019.0,2024.0
frazier,adam,624428,fraza001,fraziad01,15223,2016.0,2024.0
duggar,steven,621453,duggs001,duggast01,17719,2018.0,2022.0
grisham,trent,663757,grist001,grishtr01,18564,2019.0,2024.0
schmitt,casey,669477,schmc003,schmica01,27577,2023.0,2024.0
pérez,carlos,656024,perec005,perezca03,20805,2022.0,2023.0
rivero,sebastián,665861,rives002,riverse01,21735,2021.0,2022.0
murphy,sean,669221,murps001,murphse01,19352,2019.0,2024.0
semien,marcus,543760,semim001,semiema01,12533,2013.0,2024.0
martinez,orelvis,682619,marto002,martior01,-1,2024.0,2024.0
lee,brooks,686797,lee-b002,leebr02,-1,2024.0,2024.0
hicks,aaron,543305,hicka001,hicksaa01,5297,2013.0,2024.0
nola,austin,543592,nolaa002,nolaau01,15941,2019.0,2023.0
pérez,salvador,521692,peres002,perezsa02,7304,2011.0,2024.0
mccormick,chas,676801,mccoc001,mccorch01,19599,2021.0,2024.0
springer,george,543807,sprig001,springe01,12856,2014.0,2024.0
maile,luke,571912,maill001,mailelu01,13355,2015.0,2024.0
díaz,elías,553869,diaze005,diazel01,11680,2015.0,2024.0
cron,c. j.,543068,cronc002,croncj01,12546,2014.0,2023.0
myers,wil,571976,myerw001,myerswi01,10047,2013.0,2023.0
benson,will,666181,bensw001,bensowi01,21853,2022.0,2024.0
short,zack,670097,shorz001,shortza01,19562,2021.0,2024.0
tapia,raimel,606132,tapir001,tapiara01,14350,2016.0,2023.0
maldonado,martín,455117,maldm001,maldoma01,6887,2011.0,2024.0
perdomo,geraldo,672695,perdg001,perdoge01,22799,2021.0,2024.0
mitchell,garrett,669003,mitcg001,mitchga01,27555,2022.0,2024.0
thomas,lane,657041,thoml002,thomala02,16939,2019.0,2024.0
robles,víctor,645302,roblv001,roblevi01,18363,2017.0,2024.0
candelario,jeimer,600869,candj002,candeje01,13621,2016.0,2024.0
young,jared,676724,younj003,youngja02,20404,2022.0,2023.0
wilson,jacob,805779,wilsj006,wilsoja05,33266,2024.0,2024.0
vaughn,andrew,683734,vauga001,vaughan01,26197,2021.0,2024.0
isbel,kyle,664728,isbek001,isbelky01,21614,2021.0,2024.0
maton,nick,665155,maton001,matonni01,21635,2021.0,2024.0
rodríguez,johnathan,671286,rodrj009,rodrijo10,-1,2024.0,2024.0
amaya,jacob,676070,amayj001,amayaja01,23296,2023.0,2024.0
o'hoppe,logan,681351,ohopl001,ohopplo01,24729,2022.0,2024.0
de los santos,luis,665782,delol003,deloslu03,-1,2024.0,2024.0
alford,anthony,546990,alfoa002,alforan01,14329,2017.0,2022.0
cabrera,miguel,408234,cabrm001,cabremi01,1744,2003.0,2023.0
hummel,cooper,669450,hummc001,hummeco01,19458,2022.0,2024.0
cook,billy,695257,cookb002,cookbi01,-1,2024.0,2024.0
farmer,kyle,571657,farmk001,farmeky01,14813,2017.0,2024.0
celestino,gilberto,665482,celeg001,celesgi01,20233,2021.0,2022.0
gurriel,lourdes,666971,gurrl001,gurrilo01,19238,2018.0,2024.0
naquin,tyler,571980,naqut001,naquity01,13359,2016.0,2023.0
lopez,otto,672640,lopeo001,lopezot01,19608,2021.0,2024.0
burger,jake,669394,burgj001,burgeja01,22275,2021.0,2024.0
oliva,jared,666931,olivj003,olivaja01,19968,2020.0,2021.0
waters,drew,671221,wated001,waterdr01,20505,2022.0,2024.0
duvall,adam,594807,duvaa001,duvalad01,10950,2014.0,2024.0
bae,ji hwan,678225,bae-j001,baeji01,23818,2022.0,2024.0
gonzalez,romy,663853,gonzr003,gonzaro01,21562,2021.0,2024.0
kessinger,grae,666197,kessg001,kessigr01,25813,2023.0,2024.0
paredes,isaac,670623,parei001,paredis01,20036,2020.0,2024.0
brantly,rob,542963,branr002,brantro01,10655,2012.0,2024.0
suárez,eugenio,553993,suare001,suareeu01,12552,2014.0,2024.0
jung,jace,690291,jungj002,jungja01,-1,2024.0,2024.0
robert,luis,673357,robel002,roberlu01,20043,2020.0,2024.0
barnes,austin,605131,barna001,barneau01,12158,2015.0,2024.0
narváez,omar,553882,narvo001,narvaom01,13338,2016.0,2024.0
conine,griffin,665052,conig001,coningr01,-1,2024.0,2024.0
schrock,max,621011,schrm001,schroma01,17750,2020.0,2022.0
bruján,vidal,660644,brujv001,brujavi01,20536,2021.0,2024.0
jones,jahmai,663330,jonej007,jonesja08,18872,2020.0,2024.0
aranda,jonathan,666018,aranj001,arandjo01,21837,2022.0,2024.0
colás,oscar,693049,colao001,colasos01,30162,2023.0,2024.0
bleday,jj,668709,bledj001,bledajj01,26368,2022.0,2024.0
allen,austin,664119,allea001,allenau01,18083,2019.0,2022.0
nottingham,jacob,641924,nottj001,nottija01,16448,2018.0,2021.0
swanson,dansby,621020,swand001,swansda01,18314,2016.0,2024.0
stott,bryson,681082,stotb001,stottbr01,26294,2022.0,2024.0
merrifield,whit,593160,merrw001,merriwh01,11281,2016.0,2024.0
del castillo,adrian,680728,delca001,delcaad01,-1,2024.0,2024.0
ramos,heliot,671218,ramoh002,ramoshe02,22515,2022.0,2024.0
harper,bryce,547180,harpb003,harpebr03,11579,2012.0,2024.0
cropley,tyler,680418,cropt001,croplty01,24485,2023.0,2023.0
adames,willy,642715,adamw002,adamewi01,15986,2018.0,2024.0
ahmed,nick,605113,ahmen001,ahmedni01,12147,2014.0,2024.0
segura,jean,516416,seguj002,segurje01,5933,2012.0,2023.0
andrus,elvis,462101,andre001,andruel01,8709,2009.0,2023.0
herrera,odúbel,546318,herro001,herreod01,11476,2015.0,2022.0
story,trevor,596115,stort001,storytr01,12564,2016.0,2024.0
naylor,josh,647304,naylj001,naylojo01,18839,2019.0,2024.0
báez,javier,595879,baezj001,baezja01,12979,2014.0,2024.0
kepler,max,596146,keplm001,keplema01,12144,2015.0,2024.0
singleton,jon,572138,singj001,singljo02,10441,2014.0,2024.0
noel,jhonkensy,678877,noelj001,noeljh01,-1,2024.0,2024.0
stefanic,michael,683021,stefm001,stefami01,25353,2022.0,2024.0
harris,michael,671739,harrm004,harrimi04,25931,2022.0,2024.0
bart,joey,663698,bartj003,bartjo01,21524,2020.0,2024.0
mayo,coby,691723,mayoc001,mayoco01,-1,2024.0,2024.0
canha,mark,592192,canhm001,canhama01,11445,2015.0,2024.0
gregorius,didi,544369,gregd001,gregodi01,6012,2012.0,2022.0
busch,michael,683737,buscm003,buschmi02,26319,2023.0,2024.0
calhoun,kole,594777,calhk001,calhoko01,11200,2012.0,2023.0
happ,ian,664023,happi001,happia01,17919,2017.0,2024.0
pederson,joc,592626,pedej001,pederjo01,11899,2014.0,2024.0
acuña,ronald,660670,acunr001,acunaro01,18401,2018.0,2024.0
taveras,leody,665750,tavel001,taverle01,18900,2020.0,2024.0
fermín,josé,665877,fermj001,fermijo01,21746,2023.0,2024.0
jankowski,travis,608671,jankt001,jankotr01,13768,2015.0,2024.0
gallo,joey,608336,gallj002,gallojo01,14128,2015.0,2024.0
sweeney,trey,700242,sweet001,sweentr01,-1,2024.0,2024.0
batten,matthew,676946,battm001,battema01,20157,2022.0,2024.0
eaton,nate,681987,eaton001,eatonna01,25055,2022.0,2023.0
paris,kyren,677347,parik002,parisky01,26420,2023.0,2024.0
slater,austin,596103,slata001,slateau01,16153,2017.0,2024.0
peralta,david,444482,perad001,peralda01,2136,2014.0,2024.0
zunino,mike,572287,zunim001,zuninmi01,13265,2013.0,2023.0
garcia,aramis,605244,garca006,garciar01,16925,2018.0,2024.0
heineman,tyler,623168,heint001,heinety01,13897,2019.0,2024.0
sabol,blake,666165,sabob001,sabolbl01,25805,2023.0,2024.0
kiner-falefa,isiah,643396,kinei001,kineris01,16512,2018.0,2024.0
huff,sam,669087,huffs001,huffsa01,22209,2020.0,2024.0
solano,donovan,456781,solad001,solando01,8623,2012.0,2024.0
mckinney,billy,641856,mckib001,mckinbi01,15654,2018.0,2024.0
eden,cam,686490,edenc001,edenca01,25476,2023.0,2023.0
hedges,austin,595978,hedga001,hedgeau01,12976,2015.0,2024.0
okey,chris,608360,okeyc001,okeych01,19245,2022.0,2023.0
rivera,emmanuel,656896,rivee001,riverem01,19890,2021.0,2024.0
thompson,bubba,669352,thomb003,thompbu01,22261,2022.0,2024.0
escobar,alcides,444876,escoa003,escobal02,6310,2008.0,2022.0
india,jonathan,663697,indij001,indiajo01,21523,2021.0,2024.0
hinds,rece,677956,hindr001,hindsre01,-1,2024.0,2024.0
hill,derek,656537,hilld002,hillde01,16947,2020.0,2024.0
matos,luis,682641,matol002,matoslu02,26467,2023.0,2024.0
alberto,hanser,593643,albeh001,alberha01,11902,2015.0,2023.0
knapp,andrew,595284,knapa001,knappan01,14942,2017.0,2024.0
gonzález,erik,570481,gonze004,gonzaer01,13369,2016.0,2022.0
encarnacion-strand,christian,687952,encac001,encarch01,30011,2023.0,2024.0
sosa,lenyn,672820,sosal001,sosale01,22896,2022.0,2024.0
mckinstry,zach,656716,mckiz001,mckinza01,19392,2020.0,2024.0
davis,j. d.,605204,davij006,davisjd01,16219,2017.0,2024.0
arozarena,randy,668227,arozr001,arozara01,19290,2019.0,2024.0
dalbec,bobby,666915,dalbb001,dalbebo01,19966,2020.0,2024.0
diaz,jordan,672478,diazj008,diazjo03,22650,2022.0,2023.0
hernandez,elier,609274,herne003,hernael02,13750,2022.0,2022.0
wells,austin,669224,wella002,wellsau01,27562,2023.0,2024.0
toro,abraham,647351,toroa001,toroab01,19844,2019.0,2024.0
martini,nick,605361,martn003,martini02,12005,2018.0,2024.0
davis,jaylin,664041,davij008,davisja03,19552,2019.0,2022.0
smith-njigba,canaan,675986,smitc008,smithca05,23264,2022.0,2023.0
cain,lorenzo,456715,cainl001,cainlo01,9077,2010.0,2022.0
olson,matt,621566,olsom001,olsonma02,14344,2016.0,2024.0
hosmer,eric,543333,hosme001,hosmeer01,3516,2011.0,2023.0
capel,conner,668843,capec001,capelco01,19983,2022.0,2024.0
hernández,teoscar,606192,hernt002,hernate01,13066,2016.0,2024.0
henry,payton,668721,henrp001,henrypa01,22164,2021.0,2022.0
jung,josh,673962,jungj001,jungjo01,26299,2022.0,2024.0
schoop,jonathan,570731,schoj001,schoojo01,11265,2013.0,2023.0
marte,ketel,606466,martk001,marteke01,13613,2015.0,2024.0
bradley,jackie,598265,bradj001,bradlja02,12984,2013.0,2023.0
blankenhorn,travis,663905,blant002,blanktr01,18395,2020.0,2024.0
ruiz,keibert,660688,ruizk001,ruizke01,19610,2020.0,2024.0
meadows,parker,678009,meadp001,meadopa01,23800,2023.0,2024.0
groshans,jordan,677954,grosj001,groshjo01,23794,2022.0,2022.0
trammell,taylor,666211,tramt001,trammta01,19960,2021.0,2024.0
hurtubise,jacob,674441,hurtj001,hurtuja01,-1,2024.0,2024.0
rojas,johan,679032,rojaj003,rojasjo03,24336,2023.0,2024.0
mccarthy,jake,664983,mccaj003,mccarja02,21622,2021.0,2024.0
haggerty,sam,664059,haggs001,haggesa01,18054,2019.0,2024.0
mastrobuoni,miles,670156,mastm001,mastrmi01,20017,2022.0,2024.0
marchán,rafael,665561,marcr001,marchra01,21646,2020.0,2024.0
tucker,kyle,663656,tuckk001,tuckeky01,18345,2018.0,2024.0
dubón,mauricio,643289,dubom001,dubonma01,16530,2019.0,2024.0
bogaerts,xander,593428,bogax001,bogaexa01,12161,2013.0,2024.0
goodrum,niko,592348,goodn002,goodrni01,12092,2017.0,2024.0
carpenter,kerry,681481,carpk001,carpeke01,25961,2022.0,2024.0
palacios,joshua,641943,palaj001,palacjo01,19818,2021.0,2024.0
hampson,garrett,641658,hampg001,hampsga01,19262,2018.0,2024.0
kjerstad,heston,677008,kjerh001,kjershe01,31166,2023.0,2024.0
cameron,daz,663662,camed001,camerda01,18353,2020.0,2024.0
baty,brett,683146,batyb001,batybr01,26123,2022.0,2024.0
muñoz,yairo,622168,munoy001,munozya01,16313,2018.0,2022.0
garcía,dérmis,660650,garcd004,garcide02,20926,2022.0,2022.0
baldwin,brooks,681460,baldb001,baldwbr01,-1,2024.0,2024.0
harris,dustin,687957,harrd003,harridu01,-1,2024.0,2024.0
baker,luken,663609,bakel001,bakerlu01,21497,2023.0,2024.0
wiemer,joey,686894,wiemj001,wiemejo01,27690,2023.0,2024.0
smith,will,669257,smitw003,smithwi05,19197,2019.0,2024.0
kelenic,jarred,672284,kelej001,kelenja01,22558,2021.0,2024.0
pujols,albert,405395,pujoa001,pujolal01,1177,2001.0,2022.0
ibáñez,andy,628451,ibana001,ibanean01,18819,2021.0,2024.0
serven,brian,661531,servb001,servebr01,19422,2022.0,2024.0
rodríguez,endy,682848,rodre006,rodrien01,25332,2023.0,2023.0
pagés,pedro,686780,pagep001,pagespe02,-1,2024.0,2024.0
gordon,nick,624503,gordn001,gordoni01,16337,2021.0,2024.0
wade,lamonte,664774,wadel001,wadela01,18126,2019.0,2024.0
ortega,rafael,542364,orter001,ortegra01,10323,2012.0,2024.0
dejong,paul,657557,dejop001,dejonpa01,18015,2017.0,2024.0
salazar,césar,663967,salac001,salazce01,21587,2023.0,2024.0
soto,juan,665742,sotoj001,sotoju01,20123,2018.0,2024.0
bell,josh,605137,bellj005,belljo02,13145,2016.0,2024.0
ramírez,josé,608070,ramij003,ramirjo01,13510,2013.0,2024.0
alu,jake,666906,alu-j001,aluja01,25569,2023.0,2023.0
gonzález,luis,670768,gonzl005,gonzalu03,20332,2020.0,2022.0
alonso,pete,624413,alonp001,alonspe01,19251,2019.0,2024.0
joe,connor,656582,joe-c001,joeco01,16572,2019.0,2024.0
bouchard,sean,656248,boucs001,bouchse01,21270,2022.0,2024.0
tellez,rowdy,642133,tellr001,tellero01,15679,2018.0,2024.0
ward,taylor,621493,wardt002,wardta01,17548,2018.0,2024.0
hicklen,brewer,676551,hickb003,hicklbr01,20450,2022.0,2024.0
severino,pedro,600474,sevep001,severpe01,14523,2015.0,2022.0
campusano,luis,669134,campl002,campulu01,22217,2020.0,2024.0
bethancourt,christian,542194,bethc001,bethach01,10028,2013.0,2024.0
montes,coco,663796,montc002,monteco01,21547,2023.0,2023.0
garcía,leury,544725,garcl004,garcile02,5913,2013.0,2022.0
crews,dylan,686611,crewd001,crewsdy01,-1,2024.0,2024.0
torkelson,spencer,679529,torks001,torkesp01,27465,2022.0,2024.0
bregman,alex,608324,brega001,bregmal01,17678,2016.0,2024.0
bemboom,anthony,621532,bemba001,bemboan01,13854,2019.0,2023.0
urías,ramón,602104,uriar001,uriasra01,18795,2020.0,2024.0
nuñez,nasim,683083,nunen001,nunezna01,25979,2024.0,2024.0
martin,austin,668885,marta007,martiau01,27462,2024.0,2024.0
bichette,bo,666182,bichb001,bichebo01,19612,2019.0,2024.0
matijevic,j. j.,656695,matij001,matijjj01,20165,2022.0,2022.0
alfaro,jorge,595751,alfaj002,alfarjo01,12180,2016.0,2023.0
wendzel,davis,673995,wendd001,wendzda01,-1,2024.0,2024.0
kim,ha-seong,673490,kim-h002,kimha01,27506,2021.0,2024.0
ruf,darin,573131,ruf-d001,rufda01,9929,2012.0,2023.0
ruiz,esteury,665923,ruize001,ruizes01,21780,2022.0,2024.0
tena,josé,677588,tenaj001,tenajo01,23691,2023.0,2024.0
dickerson,alex,543105,dicka001,dickeal01,12649,2015.0,2022.0
sánchez,jesús,660821,sancj003,sanchje02,19913,2020.0,2024.0
beer,seth,666179,beers001,beerse01,20493,2021.0,2022.0
call,alex,669743,calla002,callal02,19296,2022.0,2024.0
clemens,kody,665019,clemk001,clemeko01,20572,2022.0,2024.0
ford,mike,645801,fordm002,fordmi01,15585,2019.0,2024.0
mejía,francisco,642336,mejif001,mejiafr01,16403,2017.0,2023.0
leblanc,charles,641779,leblc001,leblach01,19813,2022.0,2024.0
chirinos,robinson,455139,chirr001,chiriro01,3142,2011.0,2022.0
piscotty,stephen,572039,piscs001,piscost01,13367,2015.0,2022.0
scott,victor,687363,scotv001,scottvi01,31349,2024.0,2024.0
flores,wilmer,527038,florw001,florewi01,5827,2013.0,2024.0
villar,jonathan,542340,villj001,villajo01,10071,2013.0,2022.0
de la cruz,elly,682829,delae003,delacel01,26668,2023.0,2024.0
allen,greg,656185,alleg002,allengr01,16623,2017.0,2023.0
brosseau,mike,670712,brosm001,brossmi01,19683,2019.0,2023.0
mackinnon,david,676950,mackd001,mackida01,19625,2022.0,2022.0
altuve,josé,514888,altuj001,altuvjo01,5417,2011.0,2024.0
blanco,dairon,680118,bland001,blancda02,19779,2022.0,2024.0
gallagher,cam,595956,gallc001,gallaca01,12981,2017.0,2023.0
berti,jon,542932,bertj001,bertijo01,12037,2018.0,2024.0
alvarez,armando,669137,alvaa002,alvarar01,-1,2024.0,2024.0
chisholm,jazz,665862,chisj001,chishja01,20454,2020.0,2024.0
kaiser,connor,663731,kaisc001,kaiseco01,21535,2023.0,2023.0
zimmer,bradley,605548,zimmb001,zimmebr01,16221,2017.0,2022.0
trout,mike,545361,troum001,troutmi01,10155,2011.0,2024.0
piña,manny,444489,pinam001,pinama01,2829,2011.0,2023.0
mccutchen,andrew,457705,mccua001,mccutan01,9847,2009.0,2024.0
betts,mookie,605141,bettm001,bettsmo01,13611,2014.0,2024.0
dunn,oliver,686554,dunno001,dunnol01,26295,2024.0,2024.0
westbrook,jamie,642197,westj003,westbja02,-1,2024.0,2024.0
león,pedro,694175,leonp001,leonpe01,-1,2024.0,2024.0
hernández,yadiel,628450,herny002,hernaya01,19334,2020.0,2022.0
chapman,matt,656305,chapm001,chapmma01,16505,2017.0,2024.0
allen,nick,669397,allen002,allenni02,22277,2022.0,2024.0
wagner,will,695238,wagnw001,wagnewi01,-1,2024.0,2024.0
duran,ezequiel,677649,durae002,duranez01,23733,2022.0,2024.0
harrison,josh,543281,harrj002,harrijo05,8202,2011.0,2023.0
fitzgerald,tyler,666149,fitzt001,fitzgty01,26208,2023.0,2024.0
fraley,jake,641584,fralj001,fraleja01,19260,2019.0,2024.0
bolt,skye,621450,bolts001,boltsk01,17723,2019.0,2022.0
nimmo,brandon,607043,nimmb001,nimmobr01,12927,2016.0,2024.0
mathias,mark,664029,mathm002,mathima01,18032,2020.0,2023.0
pasquantino,vinnie,686469,pasqv001,pasquvi01,27676,2022.0,2024.0
beck,jordan,687597,beckj003,beckjo01,-1,2024.0,2024.0
haase,eric,606992,haase001,haaseer01,14111,2018.0,2024.0
profar,jurickson,595777,profj001,profaju01,10815,2012.0,2024.0
noda,ryan,676116,nodar001,nodary01,23312,2023.0,2024.0
dickerson,corey,572816,dickc002,dickeco01,10762,2013.0,2023.0
estrada,thairo,642731,estrt001,estrath01,16426,2019.0,2024.0
araúz,jonathan,660620,arauj001,arauzjo01,20275,2020.0,2023.0
vierling,matt,663837,vierm001,vierlma01,21558,2021.0,2024.0
sánchez,ali,645305,sanca009,sanchal04,18551,2020.0,2024.0
marte,noelvi,682622,martn004,marteno01,26517,2023.0,2024.0
schneemann,daniel,682177,schnd002,schneda04,-1,2024.0,2024.0
hoskins,rhys,656555,hoskr001,hoskirh01,16472,2017.0,2024.0
casas,triston,671213,casat001,casastr01,22514,2022.0,2024.0
hilliard,sam,656541,hills005,hillisa01,17954,2019.0,2024.0
trevino,jose,624431,trevj001,trevijo01,16725,2018.0,2024.0
stowers,kyle,669065,stowk001,stoweky01,26151,2022.0,2024.0
turner,justin,457759,turnj001,turneju01,5235,2009.0,2024.0
newman,kevin,621028,newmk001,newmake01,17696,2018.0,2024.0
hager,jake,606993,hagej001,hagerja01,12198,2021.0,2022.0
carroll,corbin,682998,carrc005,carroco02,25878,2022.0,2024.0
garrett,stone,656448,garrs003,garrest01,19273,2022.0,2024.0
kiermaier,kevin,595281,kierk001,kiermke01,11038,2013.0,2024.0
barnhart,tucker,571466,barnt001,barnhtu01,10200,2014.0,2024.0
franco,wander,677551,franw002,francwa01,23667,2021.0,2023.0
donovan,brendan,680977,donob001,donovbr01,24679,2022.0,2024.0
cruz,nelson,443558,cruzn002,cruzne02,2434,2005.0,2023.0
lavastida,bryan,681526,lavab001,lavasbr01,24765,2022.0,2022.0
meckler,wade,685133,meckw001,mecklwa01,31490,2023.0,2023.0
